keyword,category,priority
why scrum breaks in game pre-production,pm frameworks,high
what is a game milestone alpha beta gold,industry intel,high
game producer vs film producer key differences,role identity,high
game producer career path from associate to executive,role identity,medium
agile game development what actually works in practice,pm frameworks,medium
passion culture in games is a production risk,team psychology,medium
lessons from 20 years of gdc post-mortems,industry intel,medium
the creative director producer relationship explained,role identity,medium
milestone deliverable documents what to include,pm frameworks,medium
why game developers leave after a successful launch,team psychology,medium
scope creep prevention in game development,pm frameworks,medium
managing creative feedback without killing morale,team psychology,medium
what transfers from tech pm to game production,role identity,medium
risk register template for game development,pm frameworks,medium
console game certification process for producers,industry intel,medium
preventing burnout on game dev teams practical steps,team psychology,medium
game producer salary ranges by studio size and role,role identity,medium
how to write a game production milestone document,pm frameworks,medium
what game post-mortems reveal about production failures,industry intel,medium
associate producer to producer how to level up,role identity,low
sprint planning for game development teams,pm frameworks,low
managing introverts and extroverts on game teams,team psychology,low
outsource vendor management for game producers,industry intel,low
game producer portfolio what to show hiring managers,role identity,low
how to run a game development retrospective,pm frameworks,low
multi-title production how to manage multiple games at once,industry intel,low
game producer tools and software for project management,role identity,low
capacity planning for game development teams,pm frameworks,low
onboarding new team members on a live game project,team psychology,low
what makes a good game producer essential skills,role identity,low
game studio post-mortem process that actually works,industry intel,low
game producer resume tips what hiring managers look for,role identity,low
how to run a productive sprint review for game teams,pm frameworks,low
building psychological safety after a failed project,team psychology,low
Nintendo PlayStation certification requirements for indie devs,industry intel,low
game production glossary terms every producer should know,role identity,low
feature freeze in game development best practices,pm frameworks,low
how to manage difficult conversations in game studios,team psychology,low
key person risk in game development how producers plan for it,industry intel,low
how to transition into game production from another industry,role identity,low
tracking production health metrics for game projects,pm frameworks,low
managing contract developers on game projects,team psychology,low
what GDC talks teach us about game production failures,industry intel,low
game producer day in the life what the job really looks like,role identity,low
how to write a game design spec as a producer,pm frameworks,low
building a feedback culture in game development teams,team psychology,low
outsourcing in game development best practices for quality,industry intel,low
executive producer vs producer vs associate producer explained,role identity,low
gold master submission what producers need to prepare,pm frameworks,low
developer relations and team motivation in game studios,team psychology,low
Unity runtime fee crisis what it means for production planning,industry intel,low
how to manage a game development project timeline,project management,high
how to scope an indie game project realistically,project management,high
how to build a game development roadmap,project management,high
best project management tools for game studios,project management,high
how to organize a game studio task backlog,project management,medium
burndown charts for game development explained,project management,low
kanban boards for indie game teams explained,project management,medium
how to track velocity on a game development team,project management,low
dependency mapping in game production explained,project management,low
how to write good user stories for game features,project management,medium
how to estimate task time in game development,project management,medium
how to set realistic game dev milestones,milestones,high
what is a content complete milestone in games,milestones,medium
milestone payment structure for game contracts,milestones,low
first playable milestone checklist for producers,milestones,medium
how to plan milestones for a publisher deal,milestones,medium
feature freeze vs content lock in game dev,milestones,low
hiring your first game developer guide,team management,high
managing creative conflict on a game team,team management,medium
how to give feedback to game artists,team management,medium
how to keep a small game team motivated,team management,medium
communication tools for distributed game teams,team management,low
how to run a productive game team retrospective,team management,medium
balancing junior and senior staff in a game studio,team management,low
game producer salary guide explained,careers,high
technical producer vs game producer differences,careers,medium
associate producer game industry responsibilities,careers,medium
portfolio tips for aspiring game producers,careers,medium
game production degree vs self taught path,careers,medium
how to write a game producer resume,careers,medium
interview questions for game producer roles,careers,medium
executive producer role in game studios explained,careers,low
how to grow from producer to studio lead,careers,low
how to write a game design document,production,high
what is a game production pipeline,production,high
how to manage outsourcing for game art,production,medium
risk management in game production explained,production,medium
how to set up a build pipeline for a game,production,medium
asset management workflow for game studios,production,medium
qa testing workflow for indie games explained,production,medium
how to plan a game certification submission,production,low
bug triage process for game development teams,production,medium
how to coordinate audio production for games,production,low
change management in game production explained,production,low
how to document game systems for your team,production,medium
daily build process for game teams explained,production,low
how to estimate game development costs,budgeting,high
how to apply for a game development grant,budgeting,medium
revenue share vs salary for game contractors,budgeting,medium
cost of outsourcing game art explained,budgeting,low
how to budget for a console game port,budgeting,low
how to plan a game marketing roadmap,publishing,medium
how to build a steam page that converts,publishing,high
game launch checklist for indie developers,publishing,high
how to plan a game demo for steam next fest,publishing,medium
console publishing requirements explained,publishing,low
how to reach out to game journalists,publishing,low
platform holder approval process explained,publishing,low
how to create a game development schedule,planning,high
buffer time in game schedules why it matters,planning,medium
seasonal content planning for live games,planning,low
how to plan a games as a service roadmap,planning,medium
best documentation tools for game studios,tools,medium
notion vs confluence for game production,tools,low
how to track milestones in a spreadsheet,tools,low
perforce vs git for game version control,tools,medium
how to set up continuous integration for a game,tools,low
what is kpi tracking in game production,metrics,low
how to plan a game studio business model,strategy,medium
how to start an indie game studio guide,strategy,high
how to protect game ip as a small studio,strategy,low
contract basics for indie game developers,strategy,medium
how to handle a delayed game launch,strategy,medium
when to cancel a game project explained,strategy,low
how to scale a game studio after a hit,strategy,low
work for hire vs original ip for studios,strategy,low
how to manage feature requests from a publisher,publishing,low
best game engine for a solo developer,Engines and Tools,medium
how do indie games make money,Game Dev Business,high
how to market an indie game on a budget,Game Dev Business,medium
how to get your game on steam,Game Dev Business,medium
